timestamp,simple-path,time
2021-09-09 02:06:20.937,/master/welcome,4058
2021-09-09 02:06:25.248,/master/welcome,237
2021-09-09 02:06:30.094,/master/sign-in,1678
2021-09-09 02:06:38.513,/master/welcome,631
2021-09-09 02:06:54.214,/master/welcome,293
2021-09-09 02:06:59.977,/master/welcome,600
2021-09-09 02:07:02.405,/master/welcome,254
2021-09-09 02:07:06.684,/master/welcome,206
2021-09-09 02:07:12.449,/master/sign-in,613
2021-09-09 02:07:18.835,/master/welcome,591
2021-09-09 02:07:25.795,/manager/task/create,1691
2021-09-09 02:07:41.377,/master/welcome,1199
2021-09-09 02:08:14.82,/master/welcome,350
2021-09-09 02:08:16.541,/master/welcome,597
2021-09-09 02:08:20.883,/master/welcome,267
2021-09-09 02:08:23.641,/master/sign-in,613
2021-09-09 02:08:30.021,/master/welcome,615
2021-09-09 02:08:35.879,/administrator/dashboard/show,601
2021-09-09 02:08:39.534,/master/welcome,224
2021-09-09 02:08:45.306,/master/welcome,602
2021-09-09 02:08:47.65,/master/welcome,239
2021-09-09 02:08:51.88,/master/welcome,190
2021-09-09 02:08:54.607,/master/sign-in,584
2021-09-09 02:09:02.94,/master/welcome,599
2021-09-09 02:09:10.771,/manager/task/create,584
2021-09-09 02:09:26.799,/master/welcome,600
2021-09-09 02:10:01.13,/master/welcome,269
2021-09-09 02:10:02.858,/master/welcome,580
2021-09-09 02:10:05.183,/master/welcome,249
2021-09-09 02:10:06.915,/master/sign-in,599
2021-09-09 02:10:11.305,/master/welcome,613
2021-09-09 02:10:16.211,/administrator/dashboard/show,598
2021-09-09 02:10:21.875,/master/welcome,191
2021-09-09 02:10:27.605,/master/welcome,602
2021-09-09 02:10:31.948,/master/welcome,254
2021-09-09 02:10:35.213,/master/welcome,221
2021-09-09 02:10:39.978,/master/sign-in,617
2021-09-09 02:10:46.419,/master/welcome,615
2021-09-09 02:10:51.251,/manager/task/create,592
2021-09-09 02:11:03.178,/master/welcome,582
2021-09-09 02:11:38.494,/master/welcome,251
2021-09-09 02:11:42.198,/master/welcome,585
2021-09-09 02:11:44.499,/master/welcome,216
2021-09-09 02:11:48.264,/master/sign-in,601
2021-09-09 02:11:52.669,/master/welcome,613
2021-09-09 02:11:58.493,/administrator/dashboard/show,588
2021-09-09 02:12:00.254,/master/welcome,219
2021-09-09 02:12:04.993,/master/welcome,585
2021-09-09 02:12:09.338,/master/welcome,231
2021-09-09 02:12:10.608,/master/welcome,220
2021-09-09 02:12:14.917,/master/welcome,265
2021-09-09 02:12:16.695,/master/sign-in,631
2021-09-09 02:12:22.091,/master/welcome,616
2021-09-09 02:12:25.84,/master/welcome,219
2021-09-09 02:12:30.614,/master/welcome,600
2021-09-09 02:12:32.931,/master/welcome,220
2021-09-09 02:12:36.218,/master/welcome,233
